user_id,first_name,flower,edible,extract,topical,tincture,preroll,vape,specialty_pods,indica,sativa,hybrid,cbd,monthly_spending
2415839,Gregg,0,1,0,0,0,0,0,0,0,1,0,1,17
2008093,Cindy,0,0,0,0,0,1,0,0,1,1,1,0,411
435131,Ryan,0,0,1,0,0,0,1,0,1,1,1,0,1128
1256000,Otis,0,0,0,0,0,1,1,1,1,1,1,1,227
,Jacob,1,0,0,0,0,0,0,0,0,1,1,0,180
425863,Michael,1,1,1,0,1,1,1,0,1,1,1,1,1423
1903215,Blake,0,0,0,0,0,1,1,0,1,1,1,0,463
227222,Jeffrey,1,0,1,0,0,1,1,0,1,1,1,0,729
2046258,Christopher ,1,0,0,0,0,1,1,0,1,1,1,0,633
519204,Denise,1,0,0,0,0,1,1,0,1,1,1,0,297
1297251,Bernard,0,0,0,0,1,1,1,0,1,1,1,0,644
833564,Hannah,0,0,0,0,0,1,1,0,1,1,1,1,273
1165945,Benjamin,1,0,0,0,0,0,0,0,0,1,1,0,227
213752,Sebastian ,0,0,1,0,0,1,0,0,1,1,1,0,450
963651,Jennifer ,0,0,1,0,0,1,1,0,1,1,1,0,452
258377,Gregg,1,1,1,0,1,1,1,0,1,1,1,0,293
633010,Eric,0,0,1,1,0,0,1,1,1,1,1,0,446
281515,Jamie,0,0,0,0,0,0,1,0,0,1,1,0,37
2325665,rich,1,0,0,0,0,1,0,0,1,1,1,0,639
1786623,Jasmine,1,0,0,0,0,1,1,0,1,1,1,0,120
1307299,Robert,0,0,0,0,0,1,1,0,1,1,1,0,334
657785,Taylor,1,0,1,0,0,1,1,0,1,1,1,1,257
,Ilene,0,1,0,0,1,0,0,0,0,1,0,1,131
530360,Brandon ,1,0,1,0,0,1,1,0,1,1,1,0,443
1301697,Dylan,0,0,0,0,0,1,1,0,1,1,1,1,533
862854,Haley,0,0,1,0,0,1,1,1,1,1,1,1,246
561029,Patricia,0,0,0,1,0,1,1,0,1,1,1,1,171
1098981,Kaitlyn,0,0,1,0,0,1,1,1,1,1,1,0,500
1488644,Dione,0,0,1,0,0,1,1,0,1,1,1,0,233
468601,Brandon,1,1,0,0,0,1,1,0,1,1,1,0,264
590260,Michael,0,0,0,0,0,0,1,0,1,1,1,1,89
326323,David ,0,1,1,0,0,0,1,0,1,1,1,1,280
323764,Kristen,1,0,1,0,0,0,1,0,1,1,1,0,258
1688642,Alexander ,1,1,1,0,0,1,1,0,1,1,1,1,623
465552,Ryan,1,1,1,0,1,1,0,0,1,1,1,1,555
953401,matt,0,0,1,0,0,0,0,0,0,0,1,0,54
410204,Walter,1,0,0,0,0,1,1,0,1,1,1,1,288
1226480,Wendy,0,0,1,1,0,1,1,0,1,1,1,0,852
462029,Robert,0,0,1,0,0,1,1,1,1,1,1,0,1687
2153955,Tiffaney,1,1,0,0,0,0,1,0,1,1,1,0,647
354204,Nina,1,1,1,0,0,1,1,0,1,1,1,1,514
417314,Roger,1,1,1,0,1,1,0,0,1,1,1,0,582
597241,Sean,1,0,0,0,0,1,1,1,1,1,1,0,355
1661178,Terraze,1,1,0,0,0,0,1,0,1,0,1,0,753
1526403,dakota,1,1,0,0,0,1,1,0,1,1,1,0,1123
1617966,Krystyle,1,0,0,0,0,0,0,0,1,0,1,0,238
496568,Andrea,1,0,0,0,0,1,1,0,1,1,1,0,653
2033363,Oscar,1,1,1,0,0,0,1,0,1,1,1,0,897
345761,Tiffany,0,1,1,1,0,1,1,1,1,1,1,1,483
1640301,Taylor,1,0,0,0,0,1,1,0,1,1,1,0,1023
425818,James,0,0,1,0,0,1,1,0,1,1,1,0,689
