first_name,gender,probability,count
Gregg,male,0.99,1344
Cindy,female,0.98,75555
Ryan,male,0.99,45164
Otis,male,0.97,631
Jacob,male,0.99,15119
Michael,male,0.99,245870
Blake,male,0.96,2426
Jeffrey,male,0.99,22034
Christopher,male,0.99,53539
Denise,female,0.98,34047
Bernard,male,0.98,38897
Hannah,female,0.97,13198
Benjamin,male,0.99,62465
Sebastian,male,0.99,81792
Jennifer,female,0.98,90255
Gregg,male,0.99,1344
Eric,male,0.99,135071
Jamie,male,0.81,19333
rich,male,0.97,7514
Jasmine,female,0.98,10790
Robert,male,0.99,177418
Taylor,male,0.72,3370
Ilene,female,0.97,146
Brandon,male,0.99,14697
Dylan,male,0.98,18797
Haley,female,0.92,622
Patricia,female,0.98,132232
Kaitlyn,female,0.98,152
Dione,male,0.53,433
Brandon,male,0.99,14697
Michael,male,0.99,245870
David,male,0.99,501011
Kristen,female,0.85,1525
Alexander,male,0.99,66065
Ryan,male,0.99,45164
matt,male,0.99,38275
Walter,male,0.99,30023
Wendy,female,0.97,25729
Robert,male,0.99,177418
Tiffaney,female,1.0,15
Nina,female,0.98,80011
Roger,male,0.98,38190
Sean,male,0.99,25765
Terraze,,0.0,0
dakota,female,0.7,673
Krystyle,,0.0,0
Andrea,male,0.62,302977
Oscar,male,0.99,69174
Tiffany,female,0.98,10281
Taylor,male,0.72,3370
James,male,0.99,117309
